iter	MultiClass
0	2.042594908
1	1.870601847
2	1.737486008
3	1.629475944
4	1.542616834
5	1.46708592
6	1.400916582
7	1.341138454
8	1.287525849
9	1.240090809
10	1.197583638
